Category,pslist.nproc,pslist.nppid,pslist.avg_threads,pslist.nprocs64bit,pslist.avg_handlers,dlllist.ndlls,dlllist.avg_dlls_per_proc,handles.nhandles,handles.avg_handles_per_proc,ldrmodules.not_in_load,ldrmodules.not_in_init,ldrmodules.not_in_mem,ldrmodules.not_in_load_avg,ldrmodules.not_in_init_avg,ldrmodules.not_in_mem_avg,modules.nmodules,callbacks.ncallbacks,callbacks.nanonymous,callbacks.ngeneric,Class
Benign,45,17,10.55555556,0,202.8444444,1694,38.5,9129,212.3023256,53,95,53,0.030372493,0.054441261,0.030372493,138,87,0,8,Benign
Benign,47,19,11.53191489,0,242.2340426,2074,44.12765957,11385,242.2340426,77,123,77,0.036167215,0.057773603,0.036167215,138,87,0,8,Benign
Benign,40,14,14.725,0,288.225,1932,48.3,11529,288.225,51,89,51,0.026113671,0.045570917,0.026113671,137,88,0,8,Benign
Benign,32,13,13.5,0,264.28125,1445,45.15625,8457,264.28125,31,62,31,0.021483021,0.042966043,0.021483021,138,88,0,8,Benign
Benign,42,16,11.45238095,0,281.3333333,2067,49.21428571,11816,281.3333333,102,143,102,0.047819972,0.067041725,0.047819972,138,87,0,8,Benign
Benign,40,12,13.8,0,306.95,2082,52.05,12278,306.95,76,113,76,0.036573628,0.054379211,0.036573628,138,88,0,8,Benign
Benign,43,13,13.81395349,0,305.0232558,2169,50.44186047,13116,305.0232558,70,111,70,0.032833021,0.05206379,0.032833021,138,88,0,8,Benign
Benign,42,16,11.45238095,0,281.4047619,2067,49.21428571,11819,281.4047619,102,143,102,0.047819972,0.067041725,0.047819972,138,87,0,8,Benign
Benign,42,16,11.45238095,0,281.2619048,2067,49.21428571,11813,281.2619048,102,143,102,0.047819972,0.067041725,0.047819972,138,87,0,8,Benign
Benign,40,12,13.875,0,308,2082,52.05,12320,308,76,113,76,0.036573628,0.054379211,0.036573628,138,88,0,8,Benign
Benign,43,13,13.37209302,0,302.5116279,2170,50.46511628,13008,302.5116279,70,111,70,0.032817628,0.052039381,0.032817628,138,88,0,8,Benign
Benign,42,16,11.19047619,0,280.7380952,2067,49.21428571,11791,280.7380952,102,143,102,0.047819972,0.067041725,0.047819972,138,87,0,8,Benign
Benign,40,12,13.825,0,307.225,2082,52.05,12289,307.225,76,113,76,0.036573628,0.054379211,0.036573628,138,88,0,8,Benign
Benign,43,13,13.27906977,0,301.3953488,2170,50.46511628,12960,301.3953488,70,111,70,0.032817628,0.052039381,0.032817628,138,88,0,8,Benign
Benign,42,16,11.26190476,0,280.7619048,2067,49.21428571,11792,280.7619048,102,143,102,0.047819972,0.067041725,0.047819972,138,87,0,8,Benign
Benign,40,12,13.6,0,306.425,2082,52.05,12257,306.425,76,113,76,0.036573628,0.054379211,0.036573628,138,88,0,8,Benign
Benign,41,12,13.51219512,0,305.2682927,2105,51.34146341,12516,305.2682927,70,109,70,0.03384913,0.05270793,0.03384913,138,88,0,8,Benign
Benign,42,16,10.45238095,0,244.5952381,1788,42.57142857,10276,263.4871795,79,117,79,0.04321663,0.064004376,0.04321663,138,87,0,8,Benign
Benign,40,12,13.55,0,306.125,2082,52.05,12245,306.125,76,113,76,0.036573628,0.054379211,0.036573628,138,88,0,8,Benign
Benign,41,12,13.41463415,0,304.7804878,2105,51.34146341,12496,304.7804878,70,109,70,0.03384913,0.05270793,0.03384913,138,88,0,8,Benign
Benign,41,16,11.6097561,0,268.2195122,1924,46.92682927,10997,268.2195122,87,127,87,0.044050633,0.064303797,0.044050633,138,87,0,8,Benign
Benign,32,11,12.53125,0,283.59375,1513,47.28125,9077,302.5666667,61,87,61,0.041695147,0.059466849,0.041695147,138,88,0,8,Benign
Benign,40,12,13.325,0,305.25,2082,52.05,12210,305.25,76,113,76,0.036573628,0.054379211,0.036573628,138,88,0,8,Benign
Benign,42,12,13.66666667,0,306.4761905,2177,51.83333333,12872,306.4761905,79,119,79,0.036761284,0.055374593,0.036761284,138,88,0,8,Benign
Benign,40,13,13.175,0,293.25,1990,49.75,11730,293.25,65,101,65,0.033539732,0.052115583,0.033539732,138,88,0,8,Benign
Benign,43,17,11.53488372,0,269.9767442,2024,47.06976744,11609,269.9767442,94,136,94,0.045148895,0.065321806,0.045148895,138,87,0,8,Benign
Benign,40,12,13.35,0,305.4,2082,52.05,12216,305.4,76,113,76,0.036573628,0.054379211,0.036573628,138,88,0,8,Benign
Benign,43,12,13.48837209,0,303.627907,2223,51.69767442,13056,303.627907,80,121,80,0.036429872,0.055100182,0.036429872,138,88,0,8,Benign
Benign,44,17,12.02272727,0,286.8636364,2162,49.13636364,12622,286.8636364,101,144,101,0.045352492,0.064660979,0.045352492,138,87,0,8,Benign
Benign,40,12,13.325,0,305.3,2082,52.05,12212,305.3,76,113,76,0.036573628,0.054379211,0.036573628,138,88,0,8,Benign
Benign,43,12,13.46511628,0,303.2790698,2223,51.69767442,13041,303.2790698,80,121,80,0.036429872,0.055100182,0.036429872,138,88,0,8,Benign
Benign,50,22,11.4,0,274.34,2447,48.94,13717,274.34,109,158,109,0.043253968,0.062698413,0.043253968,138,87,0,8,Benign
Benign,40,12,13.275,0,304.95,2082,52.05,12198,304.95,76,113,76,0.036573628,0.054379211,0.036573628,138,88,0,8,Benign
Benign,43,12,13.48837209,0,303.1162791,2223,51.69767442,13034,303.1162791,80,121,80,0.036429872,0.055100182,0.036429872,138,88,0,8,Benign
Benign,47,19,11.46808511,0,241.9148936,2079,44.23404255,11370,241.9148936,77,123,77,0.036150235,0.057746479,0.036150235,138,87,0,8,Benign
Benign,38,13,14.68421053,0,290.3947368,1875,49.34210526,11035,290.3947368,51,87,51,0.026898734,0.045886076,0.026898734,137,88,0,8,Benign
Benign,32,13,13.09375,0,264.375,1452,45.375,8460,264.375,32,63,32,0.022068966,0.043448276,0.022068966,138,88,0,8,Benign
Benign,50,22,11.2,0,274.08,2448,48.96,13704,274.08,109,158,109,0.043236811,0.062673542,0.043236811,138,87,0,8,Benign
Benign,40,12,13.225,0,304.975,2082,52.05,12199,304.975,76,113,76,0.036573628,0.054379211,0.036573628,138,88,0,8,Benign
Benign,43,12,13.48837209,0,302.255814,2223,51.69767442,12997,302.255814,80,121,80,0.036429872,0.055100182,0.036429872,138,88,0,8,Benign
Benign,50,22,11.08,0,273.42,2448,48.96,13671,273.42,109,158,109,0.043236811,0.062673542,0.043236811,138,87,0,8,Benign
Benign,40,12,13.325,0,305.475,2082,52.05,12219,305.475,76,113,76,0.036573628,0.054379211,0.036573628,138,88,0,8,Benign
Benign,43,12,13.44186047,0,301.0232558,2223,51.69767442,12944,301.0232558,80,121,80,0.036429872,0.055100182,0.036429872,138,88,0,8,Benign
Benign,50,22,11.04,0,272.32,2448,48.96,13616,272.32,109,158,109,0.043236811,0.062673542,0.043236811,138,87,0,8,Benign
Benign,40,12,13.375,0,305.275,2082,52.05,12211,305.275,76,113,76,0.036573628,0.054379211,0.036573628,138,88,0,8,Benign
Benign,43,12,13.27906977,0,300.3023256,2223,51.69767442,12913,300.3023256,80,121,80,0.036429872,0.055100182,0.036429872,138,88,0,8,Benign
Benign,52,25,10.46153846,0,253.1923077,2466,47.42307692,13166,253.1923077,105,155,105,0.042219542,0.062324085,0.042219542,138,87,0,8,Benign
Benign,40,12,13.35,0,304.75,2081,52.025,12190,304.75,76,113,76,0.036591237,0.054405392,0.036591237,138,88,0,8,Benign
Benign,43,12,13.11627907,0,299.6744186,2223,51.69767442,12886,299.6744186,80,121,80,0.036429872,0.055100182,0.036429872,138,88,0,8,Benign
Benign,50,24,10.48,0,254.9,2403,48.06,12745,254.9,104,153,104,0.042362525,0.062321792,0.042362525,138,87,0,8,Benign
Ransomware-Ako-00a2c6bab1e53f679cdd4fdc772cd291928c109b9b747652639a1700d844f719-1.raw,39,15,11.41025641,0,220.5897436,1562,40.05128205,8603,220.5897436,47,85,47,0.029228856,0.052860697,0.029228856,138,87,0,8,Malware
Ransomware-Ako-00a2c6bab1e53f679cdd4fdc772cd291928c109b9b747652639a1700d844f719-10.raw,37,15,10.13513514,0,214.6486486,1445,39.05405405,7942,214.6486486,42,78,42,0.028826356,0.05353466,0.028826356,138,87,0,8,Malware
Ransomware-Ako-00a2c6bab1e53f679cdd4fdc772cd291928c109b9b747652639a1700d844f719-2.raw,39,15,10.74358974,0,217.4102564,1551,39.76923077,8479,217.4102564,47,85,47,0.029430182,0.053224796,0.029430182,138,87,0,8,Malware
Ransomware-Ako-00a2c6bab1e53f679cdd4fdc772cd291928c109b9b747652639a1700d844f719-3.raw,41,16,10.12195122,0,210.1707317,1614,39.36585366,8617,210.1707317,46,86,46,0.027727547,0.051838457,0.027727547,138,87,0,8,Malware
Ransomware-Ako-00a2c6bab1e53f679cdd4fdc772cd291928c109b9b747652639a1700d844f719-4.raw,40,16,9.875,0,208.65,1556,38.9,8346,208.65,45,84,45,0.0281602,0.052565707,0.0281602,138,87,0,8,Malware
Ransomware-Ako-00a2c6bab1e53f679cdd4fdc772cd291928c109b9b747652639a1700d844f719-5.raw,40,16,9.825,0,208.375,1556,38.9,8335,208.375,46,85,46,0.028858218,0.053324969,0.028858218,138,87,0,8,Malware
Ransomware-Ako-00a2c6bab1e53f679cdd4fdc772cd291928c109b9b747652639a1700d844f719-6.raw,39,15,10,0,212.025641,1529,39.20512821,8269,212.025641,44,83,44,0.028205128,0.053205128,0.028205128,138,87,0,8,Malware
Ransomware-Ako-00a2c6bab1e53f679cdd4fdc772cd291928c109b9b747652639a1700d844f719-7.raw,38,15,9.789473684,0,209.4210526,1446,38.05263158,7959,215.1081081,42,78,42,0.028668942,0.053242321,0.028668942,138,87,0,8,Malware
Ransomware-Ako-00a2c6bab1e53f679cdd4fdc772cd291928c109b9b747652639a1700d844f719-8.raw,37,15,10.05405405,0,214.7567568,1445,39.05405405,7946,214.7567568,42,78,42,0.028767123,0.053424658,0.028767123,138,87,0,8,Malware
Ransomware-Ako-00a2c6bab1e53f679cdd4fdc772cd291928c109b9b747652639a1700d844f719-9.raw,37,15,10.18918919,0,214.7837838,1445,39.05405405,7947,214.7837838,42,78,42,0.028806584,0.053497942,0.028806584,138,87,0,8,Malware
Ransomware-Ako-0a065c408e05e2c2febfbca4c15db34821033e8724d15eed9898d68c3ffb8443-1.raw,44,16,10.68181818,0,209.3181818,1716,39,9211,214.2093023,54,96,54,0.030542986,0.054298643,0.030542986,138,86,0,8,Malware
Ransomware-Ako-0a065c408e05e2c2febfbca4c15db34821033e8724d15eed9898d68c3ffb8443-10.raw,40,16,9.975,0,214.15,1549,38.725,8567,219.6666667,44,82,44,0.028205128,0.052564103,0.028205128,138,86,0,8,Malware
Ransomware-Ako-0a065c408e05e2c2febfbca4c15db34821033e8724d15eed9898d68c3ffb8443-2.raw,44,16,10.15909091,0,210.8409091,1705,38.75,9278,215.7674419,54,96,54,0.030734206,0.054638589,0.030734206,138,86,0,8,Malware
Ransomware-Ako-0a065c408e05e2c2febfbca4c15db34821033e8724d15eed9898d68c3ffb8443-3.raw,45,17,9.822222222,0,205.4666667,1719,38.2,9248,215.0697674,48,90,48,0.027210884,0.051020408,0.027210884,138,86,0,8,Malware
Ransomware-Ako-0a065c408e05e2c2febfbca4c15db34821033e8724d15eed9898d68c3ffb8443-4.raw,43,17,9.790697674,0,208.5116279,1660,38.60465116,8967,213.5,47,88,47,0.027598356,0.051673517,0.027598356,138,86,0,8,Malware
Ransomware-Ako-0a065c408e05e2c2febfbca4c15db34821033e8724d15eed9898d68c3ffb8443-5.raw,43,17,9.674418605,0,208.255814,1660,38.60465116,8956,213.2380952,48,89,48,0.028251913,0.052383755,0.028251913,138,86,0,8,Malware
Ransomware-Ako-0a065c408e05e2c2febfbca4c15db34821033e8724d15eed9898d68c3ffb8443-6.raw,42,16,9.69047619,0,209.5,1624,38.66666667,8800,214.6341463,46,86,46,0.027777778,0.051932367,0.027777778,138,86,0,8,Malware
Ransomware-Ako-0a065c408e05e2c2febfbca4c15db34821033e8724d15eed9898d68c3ffb8443-7.raw,41,16,9.609756098,0,211.4878049,1584,38.63414634,8672,216.8,45,84,45,0.028037383,0.052336449,0.028037383,138,86,0,8,Malware
Ransomware-Ako-0a065c408e05e2c2febfbca4c15db34821033e8724d15eed9898d68c3ffb8443-8.raw,40,16,9.875,0,213.975,1549,38.725,8560,219.4871795,44,82,44,0.028132992,0.052429668,0.028132992,138,86,0,8,Malware
Ransomware-Ako-0a065c408e05e2c2febfbca4c15db34821033e8724d15eed9898d68c3ffb8443-9.raw,40,16,10,0,213.975,1549,38.725,8560,219.4871795,44,82,44,0.02818706,0.052530429,0.02818706,138,86,0,8,Malware
Ransomware-Ako-0a1582d80ff72daa6b2e48d6ccffd1fe5e37e494cbec6f3a7d7bf7a20df39018-1.raw,42,16,10.76190476,0,208.5,1615,38.45238095,8757,208.5,48,89,48,0.028880866,0.05354994,0.028880866,138,86,0,8,Malware
Ransomware-Ako-0a1582d80ff72daa6b2e48d6ccffd1fe5e37e494cbec6f3a7d7bf7a20df39018-10.raw,40,16,9.475,0,202.1,1497,37.425,8084,202.1,43,82,43,0.028514589,0.054376658,0.028514589,138,86,0,8,Malware
Ransomware-Ako-0a1582d80ff72daa6b2e48d6ccffd1fe5e37e494cbec6f3a7d7bf7a20df39018-2.raw,42,16,10.14285714,0,205.6666667,1604,38.19047619,8638,205.6666667,48,89,48,0.029073289,0.053906723,0.029073289,138,86,0,8,Malware
Ransomware-Ako-0a1582d80ff72daa6b2e48d6ccffd1fe5e37e494cbec6f3a7d7bf7a20df39018-3.raw,44,17,9.568181818,0,199.1363636,1667,37.88636364,8762,199.1363636,47,90,47,0.027437245,0.052539405,0.027437245,138,86,0,8,Malware
Ransomware-Ako-0a1582d80ff72daa6b2e48d6ccffd1fe5e37e494cbec6f3a7d7bf7a20df39018-4.raw,43,17,9.325581395,0,197.4883721,1609,37.41860465,8492,197.4883721,46,88,46,0.027845036,0.053268765,0.027845036,138,86,0,8,Malware
Ransomware-Ako-0a1582d80ff72daa6b2e48d6ccffd1fe5e37e494cbec6f3a7d7bf7a20df39018-5.raw,43,17,9.279069767,0,197.1627907,1609,37.41860465,8478,197.1627907,46,88,46,0.027929569,0.05343048,0.027929569,138,86,0,8,Malware
Ransomware-Ako-0a1582d80ff72daa6b2e48d6ccffd1fe5e37e494cbec6f3a7d7bf7a20df39018-6.raw,42,16,9.380952381,0,198.6190476,1574,37.47619048,8342,198.6190476,45,86,45,0.028037383,0.053582555,0.028037383,138,86,0,8,Malware
Ransomware-Ako-0a1582d80ff72daa6b2e48d6ccffd1fe5e37e494cbec6f3a7d7bf7a20df39018-7.raw,41,16,9.463414634,0,202,1544,37.65853659,8282,202,45,85,45,0.028753994,0.054313099,0.028753994,138,86,0,8,Malware
Ransomware-Ako-0a1582d80ff72daa6b2e48d6ccffd1fe5e37e494cbec6f3a7d7bf7a20df39018-8.raw,40,16,9.475,0,202.35,1497,37.425,8094,202.35,43,82,43,0.028439153,0.054232804,0.028439153,138,86,0,8,Malware
Ransomware-Ako-0a1582d80ff72daa6b2e48d6ccffd1fe5e37e494cbec6f3a7d7bf7a20df39018-9.raw,40,16,9.575,0,202.35,1497,37.425,8094,202.35,43,82,43,0.028495693,0.054340623,0.028495693,138,86,0,8,Malware
Ransomware-Ako-0a165d6f3193520f966367c1ad38ef5303f1890559c51162b9c8eb458fc3ee6a-1.raw,43,17,10.58139535,0,206.3488372,1644,38.23255814,8873,206.3488372,55,97,55,0.032391048,0.057126031,0.032391048,138,86,0,8,Malware
Ransomware-Ako-0a165d6f3193520f966367c1ad38ef5303f1890559c51162b9c8eb458fc3ee6a-10.raw,37,15,10.13513514,0,215.1891892,1446,39.08108108,7962,215.1891892,43,79,43,0.029512697,0.054221002,0.029512697,138,86,0,8,Malware
Ransomware-Ako-0a165d6f3193520f966367c1ad38ef5303f1890559c51162b9c8eb458fc3ee6a-2.raw,39,15,10.94871795,0,218.5384615,1553,39.82051282,8523,218.5384615,48,86,48,0.03,0.05375,0.03,138,86,0,8,Malware
Ransomware-Ako-0a165d6f3193520f966367c1ad38ef5303f1890559c51162b9c8eb458fc3ee6a-3.raw,41,16,10.29268293,0,211.097561,1616,39.41463415,8655,211.097561,47,87,47,0.028279182,0.05234657,0.028279182,138,86,0,8,Malware
Ransomware-Ako-0a165d6f3193520f966367c1ad38ef5303f1890559c51162b9c8eb458fc3ee6a-4.raw,40,16,10.075,0,209.525,1558,38.95,8381,209.525,46,85,46,0.028732042,0.053091818,0.028732042,138,86,0,8,Malware
Ransomware-Ako-0a165d6f3193520f966367c1ad38ef5303f1890559c51162b9c8eb458fc3ee6a-5.raw,40,16,9.8,0,208.6,1558,38.95,8344,208.6,46,85,46,0.028822055,0.053258145,0.028822055,138,86,0,8,Malware
Ransomware-Ako-0a165d6f3193520f966367c1ad38ef5303f1890559c51162b9c8eb458fc3ee6a-6.raw,39,15,9.871794872,0,210.2820513,1519,38.94871795,8201,210.2820513,45,83,45,0.029032258,0.053548387,0.029032258,138,86,0,8,Malware
Ransomware-Ako-0a165d6f3193520f966367c1ad38ef5303f1890559c51162b9c8eb458fc3ee6a-7.raw,38,15,10,0,214.4210526,1491,39.23684211,8148,214.4210526,45,82,45,0.029742234,0.05419696,0.029742234,138,86,0,8,Malware
Ransomware-Ako-0a165d6f3193520f966367c1ad38ef5303f1890559c51162b9c8eb458fc3ee6a-8.raw,37,15,10.05405405,0,215.0810811,1446,39.08108108,7958,215.0810811,43,79,43,0.029431896,0.054072553,0.029431896,138,86,0,8,Malware
Ransomware-Ako-0a165d6f3193520f966367c1ad38ef5303f1890559c51162b9c8eb458fc3ee6a-9.raw,37,15,10.16216216,0,215.2432432,1446,39.08108108,7964,215.2432432,43,79,43,0.029492455,0.054183813,0.029492455,138,86,0,8,Malware
Ransomware-Ako-0a1aa734776603730e9e84d72f975cc74fa11ae9b16c2c16f6fd685d89e6b8a3-1.raw,39,15,11.51282051,0,221.5384615,1566,40.15384615,8640,221.5384615,48,86,48,0.029758215,0.053316801,0.029758215,138,86,0,8,Malware
Ransomware-Ako-0a1aa734776603730e9e84d72f975cc74fa11ae9b16c2c16f6fd685d89e6b8a3-10.raw,37,15,10.16216216,0,215.6486486,1449,39.16216216,7979,215.6486486,43,79,43,0.029431896,0.054072553,0.029431896,138,86,0,8,Malware
Ransomware-Ako-0a1aa734776603730e9e84d72f975cc74fa11ae9b16c2c16f6fd685d89e6b8a3-2.raw,39,15,10.82051282,0,218.3846154,1555,39.87179487,8517,218.3846154,48,86,48,0.029962547,0.053682896,0.029962547,138,86,0,8,Malware
Ransomware-Ako-0a1aa734776603730e9e84d72f975cc74fa11ae9b16c2c16f6fd685d89e6b8a3-3.raw,41,16,10.24390244,0,211.4146341,1618,39.46341463,8668,211.4146341,47,87,47,0.028245192,0.052283654,0.028245192,138,86,0,8,Malware
Ransomware-Ako-0a1aa734776603730e9e84d72f975cc74fa11ae9b16c2c16f6fd685d89e6b8a3-4.raw,40,16,10.025,0,210,1560,39,8400,210,46,85,46,0.028696195,0.053025577,0.028696195,138,86,0,8,Malware
Ransomware-Ako-0a1aa734776603730e9e84d72f975cc74fa11ae9b16c2c16f6fd685d89e6b8a3-5.raw,40,16,9.85,0,209.375,1560,39,8375,209.375,46,85,46,0.028785982,0.053191489,0.028785982,138,86,0,8,Malware
Ransomware-Ako-0a1aa734776603730e9e84d72f975cc74fa11ae9b16c2c16f6fd685d89e6b8a3-6.raw,39,15,10,0,211.2564103,1525,39.1025641,8239,211.2564103,45,83,45,0.028920308,0.053341902,0.028920308,138,86,0,8,Malware
Ransomware-Ako-0a1aa734776603730e9e84d72f975cc74fa11ae9b16c2c16f6fd685d89e6b8a3-7.raw,38,15,10.07894737,0,215.2631579,1496,39.36842105,8180,215.2631579,45,82,45,0.029644269,0.054018445,0.029644269,138,86,0,8,Malware
Ransomware-Ako-0a1aa734776603730e9e84d72f975cc74fa11ae9b16c2c16f6fd685d89e6b8a3-8.raw,37,15,10.10810811,0,215.8918919,1449,39.16216216,7988,215.8918919,43,79,43,0.029351536,0.053924915,0.029351536,138,86,0,8,Malware
Spyware-180solutions-00a80e2e0f0f72ba202536615fa98cb11afafd519d9212b01e0678bc7f6e9ab4-1.raw,39,15,11.41025641,0,220.7692308,1563,40.07692308,8610,220.7692308,47,85,47,0.02921069,0.052827843,0.02921069,138,86,0,8,Malware
Spyware-180solutions-00a80e2e0f0f72ba202536615fa98cb11afafd519d9212b01e0678bc7f6e9ab4-10.raw,37,15,10.13513514,0,214.9189189,1446,39.08108108,7952,214.9189189,42,78,42,0.028846154,0.053571429,0.028846154,138,86,0,8,Malware
Spyware-180solutions-00a80e2e0f0f72ba202536615fa98cb11afafd519d9212b01e0678bc7f6e9ab4-2.raw,39,15,10.71794872,0,217.6410256,1552,39.79487179,8488,217.6410256,47,85,47,0.029411765,0.053191489,0.029411765,138,86,0,8,Malware
Spyware-180solutions-00a80e2e0f0f72ba202536615fa98cb11afafd519d9212b01e0678bc7f6e9ab4-3.raw,41,16,10.07317073,0,210.097561,1615,39.3902439,8614,210.097561,46,86,46,0.027710843,0.051807229,0.027710843,138,86,0,8,Malware
Spyware-180solutions-00a80e2e0f0f72ba202536615fa98cb11afafd519d9212b01e0678bc7f6e9ab4-4.raw,40,16,9.85,0,208.55,1557,38.925,8342,208.55,45,84,45,0.028125,0.0525,0.028125,138,86,0,8,Malware
Spyware-180solutions-00a80e2e0f0f72ba202536615fa98cb11afafd519d9212b01e0678bc7f6e9ab4-5.raw,40,16,9.8,0,208.325,1557,38.925,8333,208.325,45,84,45,0.028230866,0.052697616,0.028230866,138,86,0,8,Malware
Spyware-180solutions-00a80e2e0f0f72ba202536615fa98cb11afafd519d9212b01e0678bc7f6e9ab4-6.raw,39,15,10,0,210.4871795,1522,39.02564103,8209,210.4871795,44,82,44,0.02833226,0.05280103,0.02833226,138,86,0,8,Malware
Spyware-180solutions-00a80e2e0f0f72ba202536615fa98cb11afafd519d9212b01e0678bc7f6e9ab4-7.raw,38,15,10.07894737,0,214.4736842,1493,39.28947368,8150,214.4736842,44,81,44,0.029042904,0.053465347,0.029042904,138,86,0,8,Malware
Spyware-180solutions-00a80e2e0f0f72ba202536615fa98cb11afafd519d9212b01e0678bc7f6e9ab4-8.raw,38,15,10.07894737,0,214.2631579,1493,39.28947368,8142,214.2631579,44,81,44,0.029158383,0.053677932,0.029158383,138,86,0,8,Malware
Spyware-180solutions-00a80e2e0f0f72ba202536615fa98cb11afafd519d9212b01e0678bc7f6e9ab4-9.raw,37,15,10.24324324,0,215.2162162,1446,39.08108108,7963,215.2162162,42,78,42,0.028826356,0.05353466,0.028826356,138,86,0,8,Malware
Spyware-180solutions-00ad00662c91190acb948bfc3474061c95e085ee0f3053f08594d1ac6f475259-1.raw,44,17,10.34090909,0,201.1363636,1647,37.43181818,8850,201.1363636,52,95,52,0.030624264,0.055948174,0.030624264,138,87,0,8,Malware
Spyware-180solutions-00ad00662c91190acb948bfc3474061c95e085ee0f3053f08594d1ac6f475259-10.raw,42,17,9,0,194.0238095,1529,36.4047619,8149,194.0238095,47,88,47,0.030401035,0.056921087,0.030401035,138,87,0,8,Malware
Spyware-180solutions-00ad00662c91190acb948bfc3474061c95e085ee0f3053f08594d1ac6f475259-2.raw,46,18,9.5,0,193.7608696,1699,36.93478261,8913,193.7608696,51,96,51,0.02915952,0.054888508,0.02915952,138,87,0,8,Malware
Spyware-180solutions-00ad00662c91190acb948bfc3474061c95e085ee0f3053f08594d1ac6f475259-3.raw,46,18,8.913043478,0,190.8913043,1690,36.73913043,8781,190.8913043,50,95,50,0.0287687,0.054660529,0.0287687,138,87,0,8,Malware
Spyware-180solutions-00ad00662c91190acb948bfc3474061c95e085ee0f3053f08594d1ac6f475259-4.raw,45,18,8.911111111,0,190.2444444,1641,36.46666667,8561,190.2444444,50,94,50,0.029673591,0.05578635,0.029673591,138,87,0,8,Malware
Spyware-180solutions-00ad00662c91190acb948bfc3474061c95e085ee0f3053f08594d1ac6f475259-5.raw,44,17,9,0,191.6818182,1604,36.45454545,8434,191.6818182,49,92,49,0.029896278,0.056131788,0.029896278,138,87,0,8,Malware
Spyware-180solutions-00ad00662c91190acb948bfc3474061c95e085ee0f3053f08594d1ac6f475259-6.raw,43,17,9.093023256,0,193.3023256,1567,36.44186047,8312,193.3023256,49,91,49,0.03079824,0.057196732,0.03079824,138,87,0,8,Malware
Spyware-180solutions-00ad00662c91190acb948bfc3474061c95e085ee0f3053f08594d1ac6f475259-7.raw,43,17,9.186046512,0,194.9534884,1576,36.65116279,8383,194.9534884,49,91,49,0.03068253,0.056981841,0.03068253,138,87,0,8,Malware
Spyware-180solutions-00ad00662c91190acb948bfc3474061c95e085ee0f3053f08594d1ac6f475259-8.raw,43,17,9.162790698,0,194.6976744,1576,36.65116279,8372,194.6976744,49,91,49,0.030721003,0.057053292,0.030721003,138,87,0,8,Malware
Spyware-180solutions-00ad00662c91190acb948bfc3474061c95e085ee0f3053f08594d1ac6f475259-9.raw,42,17,9.071428571,0,194.5952381,1529,36.4047619,8173,194.5952381,47,88,47,0.030401035,0.056921087,0.030401035,138,87,0,8,Malware
Spyware-180solutions-00b3182e5da1141e8000292e974cac32ade84a40d556682df32b3448782961ca-1.raw,22,8,16.5,0,238.9090909,919,41.77272727,5256,238.9090909,19,40,19,0.020277481,0.042689434,0.020277481,137,88,0,8,Malware
Spyware-180solutions-00b3182e5da1141e8000292e974cac32ade84a40d556682df32b3448782961ca-10.raw,29,10,12.37931034,0,256.7586207,1316,45.37931034,7446,256.7586207,31,59,31,0.023031204,0.043833581,0.023031204,138,88,0,8,Malware
Spyware-180solutions-00b3182e5da1141e8000292e974cac32ade84a40d556682df32b3448782961ca-2.raw,22,8,16.36363636,0,241.9545455,924,42,5323,241.9545455,19,40,19,0.020169851,0.042462845,0.020169851,137,88,0,8,Malware
Spyware-180solutions-00b3182e5da1141e8000292e974cac32ade84a40d556682df32b3448782961ca-3.raw,22,8,16.45454545,0,242.9545455,926,42.09090909,5345,242.9545455,20,41,20,0.021164021,0.043386243,0.021164021,137,88,0,8,Malware
Spyware-180solutions-00b3182e5da1141e8000292e974cac32ade84a40d556682df32b3448782961ca-4.raw,22,8,15.09090909,0,235.3181818,926,42.09090909,5177,235.3181818,20,41,20,0.021164021,0.043386243,0.021164021,137,88,0,8,Malware
Spyware-180solutions-00b3182e5da1141e8000292e974cac32ade84a40d556682df32b3448782961ca-5.raw,22,8,13.31818182,0,227.3181818,926,42.09090909,5001,227.3181818,20,41,20,0.021164021,0.043386243,0.021164021,137,88,0,8,Malware
Spyware-180solutions-00b3182e5da1141e8000292e974cac32ade84a40d556682df32b3448782961ca-6.raw,22,8,13.59090909,0,232.2727273,929,42.22727273,5110,232.2727273,21,42,21,0.022128556,0.044257113,0.022128556,137,88,0,8,Malware
Spyware-180solutions-00b3182e5da1141e8000292e974cac32ade84a40d556682df32b3448782961ca-7.raw,24,8,14.125,0,252.9166667,1081,45.04166667,6070,252.9166667,23,46,23,0.020852221,0.041704442,0.020852221,138,88,0,8,Malware
Spyware-180solutions-00b3182e5da1141e8000292e974cac32ade84a40d556682df32b3448782961ca-8.raw,24,8,13.66666667,0,250.1666667,1081,45.04166667,6004,250.1666667,23,46,23,0.020852221,0.041704442,0.020852221,138,88,0,8,Malware
Spyware-180solutions-00b3182e5da1141e8000292e974cac32ade84a40d556682df32b3448782961ca-9.raw,28,10,13.21428571,0,262.7142857,1270,45.35714286,7356,262.7142857,29,56,29,0.022342065,0.043143297,0.022342065,138,88,0,8,Malware
Spyware-180solutions-00bf51ee7fb6af6fb2532d62a3dc063eb8685bec9a6a45ab363d3f4afc668a4a-1.raw,42,16,10.76190476,0,209.2380952,1621,38.5952381,8788,209.2380952,51,92,51,0.030520646,0.055056852,0.030520646,138,87,0,8,Malware
Spyware-180solutions-00bf51ee7fb6af6fb2532d62a3dc063eb8685bec9a6a45ab363d3f4afc668a4a-10.raw,40,16,9.525,0,204.1,1504,37.6,8164,204.1,46,85,46,0.03030303,0.05599473,0.03030303,138,87,0,8,Malware
Spyware-180solutions-00bf51ee7fb6af6fb2532d62a3dc063eb8685bec9a6a45ab363d3f4afc668a4a-2.raw,42,16,10.11904762,0,206.4761905,1610,38.33333333,8672,206.4761905,51,92,51,0.030722892,0.055421687,0.030722892,138,87,0,8,Malware
Spyware-180solutions-00bf51ee7fb6af6fb2532d62a3dc063eb8685bec9a6a45ab363d3f4afc668a4a-3.raw,44,17,9.545454545,0,200.25,1673,38.02272727,8811,200.25,50,93,50,0.029036005,0.054006969,0.029036005,138,87,0,8,Malware
Spyware-180solutions-00bf51ee7fb6af6fb2532d62a3dc063eb8685bec9a6a45ab363d3f4afc668a4a-4.raw,43,17,9.325581395,0,198.627907,1615,37.55813953,8541,198.627907,49,91,49,0.029500301,0.054786273,0.029500301,138,87,0,8,Malware
Spyware-180solutions-00bf51ee7fb6af6fb2532d62a3dc063eb8685bec9a6a45ab363d3f4afc668a4a-5.raw,43,17,9.279069767,0,198.4186047,1615,37.55813953,8532,198.4186047,49,91,49,0.029589372,0.054951691,0.029589372,138,87,0,8,Malware
Spyware-180solutions-00bf51ee7fb6af6fb2532d62a3dc063eb8685bec9a6a45ab363d3f4afc668a4a-6.raw,42,16,9.333333333,0,200.047619,1580,37.61904762,8402,200.047619,48,90,48,0.029721362,0.055727554,0.029721362,138,87,0,8,Malware
Spyware-180solutions-00bf51ee7fb6af6fb2532d62a3dc063eb8685bec9a6a45ab363d3f4afc668a4a-7.raw,41,16,9.463414634,0,203.5609756,1549,37.7804878,8346,203.5609756,48,88,48,0.03051494,0.055944056,0.03051494,138,87,0,8,Malware
Spyware-180solutions-00bf51ee7fb6af6fb2532d62a3dc063eb8685bec9a6a45ab363d3f4afc668a4a-8.raw,41,16,9.585365854,0,203.8292683,1551,37.82926829,8357,203.8292683,48,88,48,0.030573248,0.056050955,0.030573248,138,87,0,8,Malware
Spyware-180solutions-00bf51ee7fb6af6fb2532d62a3dc063eb8685bec9a6a45ab363d3f4afc668a4a-9.raw,41,16,9.585365854,0,203.7804878,1551,37.82926829,8355,203.7804878,48,88,48,0.030612245,0.056122449,0.030612245,138,87,0,8,Malware
Spyware-180solutions-00c99d93961a43f6de1a1da795d47d002843ed567c2b0e99acd600cd8a7b6ec1-1.raw,39,15,11.43589744,0,220.6410256,1563,40.07692308,8605,220.6410256,47,85,47,0.02921069,0.052827843,0.02921069,138,86,0,8,Malware
Spyware-180solutions-00c99d93961a43f6de1a1da795d47d002843ed567c2b0e99acd600cd8a7b6ec1-10.raw,37,15,10.13513514,0,214.8108108,1446,39.08108108,7948,214.8108108,42,78,42,0.028846154,0.053571429,0.028846154,138,86,0,8,Malware
Spyware-180solutions-00c99d93961a43f6de1a1da795d47d002843ed567c2b0e99acd600cd8a7b6ec1-2.raw,39,15,10.74358974,0,217.5897436,1552,39.79487179,8486,217.5897436,47,85,47,0.029411765,0.053191489,0.029411765,138,86,0,8,Malware
Spyware-180solutions-00c99d93961a43f6de1a1da795d47d002843ed567c2b0e99acd600cd8a7b6ec1-3.raw,41,16,10.12195122,0,210.2439024,1615,39.3902439,8620,210.2439024,46,86,46,0.027710843,0.051807229,0.027710843,138,86,0,8,Malware
Spyware-180solutions-00c99d93961a43f6de1a1da795d47d002843ed567c2b0e99acd600cd8a7b6ec1-4.raw,40,16,9.875,0,208.725,1557,38.925,8349,208.725,45,84,45,0.028142589,0.052532833,0.028142589,138,86,0,8,Malware
Spyware-180solutions-00c99d93961a43f6de1a1da795d47d002843ed567c2b0e99acd600cd8a7b6ec1-5.raw,40,16,9.825,0,208.525,1557,38.925,8341,208.525,45,84,45,0.028230866,0.052697616,0.028230866,138,86,0,8,Malware
Spyware-180solutions-00c99d93961a43f6de1a1da795d47d002843ed567c2b0e99acd600cd8a7b6ec1-6.raw,39,15,9.974358974,0,210.4871795,1522,39.02564103,8209,210.4871795,44,82,44,0.028350515,0.052835052,0.028350515,138,86,0,8,Malware
Spyware-180solutions-00c99d93961a43f6de1a1da795d47d002843ed567c2b0e99acd600cd8a7b6ec1-7.raw,37,15,10.08108108,0,215.2702703,1446,39.08108108,7965,215.2702703,42,78,42,0.028688525,0.053278689,0.028688525,138,86,0,8,Malware
Spyware-180solutions-00c99d93961a43f6de1a1da795d47d002843ed567c2b0e99acd600cd8a7b6ec1-8.raw,37,15,10.16216216,0,215.2702703,1446,39.08108108,7965,215.2702703,42,78,42,0.028767123,0.053424658,0.028767123,138,86,0,8,Malware
Spyware-180solutions-00c99d93961a43f6de1a1da795d47d002843ed567c2b0e99acd600cd8a7b6ec1-9.raw,37,15,10.21621622,0,215.4594595,1446,39.08108108,7972,215.4594595,42,78,42,0.028826356,0.05353466,0.028826356,138,86,0,8,Malware
Spyware-180solutions-00e3d0bea57050c20394ff12199c4a34364dd5afed8c6215ca143a84f3a9d488-1.raw,39,15,11.46153846,0,220.8717949,1563,40.07692308,8614,220.8717949,47,85,47,0.02921069,0.052827843,0.02921069,138,87,0,8,Malware
Trojan-Emotet-001ef4cc95a83b911b3e98dde1d1a77fa020cf7f643bb8a7d9d702c6989b732a-1.raw,42,16,10.73809524,0,209.2142857,1621,38.5952381,8787,209.2142857,51,92,51,0.030520646,0.055056852,0.030520646,138,87,0,8,Malware
Trojan-Emotet-001ef4cc95a83b911b3e98dde1d1a77fa020cf7f643bb8a7d9d702c6989b732a-10.raw,40,16,9.525,0,204.175,1504,37.6,8167,204.175,47,86,47,0.030900723,0.056541749,0.030900723,138,87,0,8,Malware
Trojan-Emotet-001ef4cc95a83b911b3e98dde1d1a77fa020cf7f643bb8a7d9d702c6989b732a-2.raw,42,16,10.02380952,0,206.2619048,1610,38.33333333,8663,206.2619048,51,92,51,0.030722892,0.055421687,0.030722892,138,87,0,8,Malware
Trojan-Emotet-001ef4cc95a83b911b3e98dde1d1a77fa020cf7f643bb8a7d9d702c6989b732a-3.raw,44,17,9.590909091,0,200.7954545,1674,38.04545455,8835,200.7954545,51,94,51,0.029582367,0.054524362,0.029582367,138,87,0,8,Malware
Trojan-Emotet-001ef4cc95a83b911b3e98dde1d1a77fa020cf7f643bb8a7d9d702c6989b732a-4.raw,44,17,9.25,0,198.5,1665,37.84090909,8734,198.5,50,93,50,0.029205607,0.05432243,0.029205607,138,87,0,8,Malware
Trojan-Emotet-001ef4cc95a83b911b3e98dde1d1a77fa020cf7f643bb8a7d9d702c6989b732a-5.raw,43,17,9.279069767,0,198.627907,1616,37.58139535,8541,198.627907,50,92,50,0.030156815,0.05548854,0.030156815,138,87,0,8,Malware
Trojan-Emotet-001ef4cc95a83b911b3e98dde1d1a77fa020cf7f643bb8a7d9d702c6989b732a-6.raw,42,16,9.380952381,0,200.5,1581,37.64285714,8421,200.5,49,90,49,0.030284302,0.055624227,0.030284302,138,87,0,8,Malware
Trojan-Emotet-001ef4cc95a83b911b3e98dde1d1a77fa020cf7f643bb8a7d9d702c6989b732a-7.raw,41,16,9.414634146,0,203.3414634,1549,37.7804878,8337,203.3414634,49,89,49,0.031071655,0.056436271,0.031071655,138,87,0,8,Malware
Trojan-Emotet-001ef4cc95a83b911b3e98dde1d1a77fa020cf7f643bb8a7d9d702c6989b732a-8.raw,40,16,9.55,0,204.475,1504,37.6,8179,204.475,47,86,47,0.030819672,0.056393443,0.030819672,138,87,0,8,Malware
Trojan-Emotet-001ef4cc95a83b911b3e98dde1d1a77fa020cf7f643bb8a7d9d702c6989b732a-9.raw,40,16,9.575,0,204.55,1504,37.6,8182,204.55,47,86,47,0.03088042,0.056504599,0.03088042,138,87,0,8,Malware
Trojan-Emotet-00a440ca1cb9fb5c577610d6fbefa82a38dc36ce2a39f1aaede31a6f2c29fd7e-1.raw,42,16,10.76190476,0,208.5952381,1626,38.71428571,8761,208.5952381,48,89,48,0.028690974,0.053197848,0.028690974,138,87,0,8,Malware
Trojan-Emotet-00a440ca1cb9fb5c577610d6fbefa82a38dc36ce2a39f1aaede31a6f2c29fd7e-10.raw,38,15,9.552631579,0,200.1052632,1412,37.15789474,7606,211.2777778,43,78,43,0.030006978,0.054431263,0.030006978,138,87,0,8,Malware
Trojan-Emotet-00a440ca1cb9fb5c577610d6fbefa82a38dc36ce2a39f1aaede31a6f2c29fd7e-2.raw,43,16,9.976744186,0,204.4883721,1652,38.41860465,8793,204.4883721,56,98,56,0.032806093,0.057410662,0.032806093,138,87,0,8,Malware
Trojan-Emotet-00a440ca1cb9fb5c577610d6fbefa82a38dc36ce2a39f1aaede31a6f2c29fd7e-3.raw,44,17,9.522727273,0,198.3863636,1649,37.47727273,8731,207.8809524,47,88,47,0.02776137,0.051978736,0.02776137,138,87,0,8,Malware
Trojan-Emotet-00a440ca1cb9fb5c577610d6fbefa82a38dc36ce2a39f1aaede31a6f2c29fd7e-4.raw,43,17,9.302325581,0,196.6744186,1591,37,8459,206.3170732,46,86,46,0.028186275,0.052696078,0.028186275,138,87,0,8,Malware
Trojan-Emotet-00a440ca1cb9fb5c577610d6fbefa82a38dc36ce2a39f1aaede31a6f2c29fd7e-5.raw,43,17,9.255813953,0,196.3023256,1591,37,8443,205.9268293,46,86,46,0.028272895,0.052858021,0.028272895,138,87,0,8,Malware
Trojan-Emotet-00a440ca1cb9fb5c577610d6fbefa82a38dc36ce2a39f1aaede31a6f2c29fd7e-6.raw,42,16,9.30952381,0,197.7619048,1556,37.04761905,8308,207.7,45,84,45,0.028391167,0.052996845,0.028391167,138,87,0,8,Malware
Trojan-Emotet-00a440ca1cb9fb5c577610d6fbefa82a38dc36ce2a39f1aaede31a6f2c29fd7e-7.raw,41,16,9.146341463,0,196.5121951,1481,36.12195122,8060,212.1052632,43,80,43,0.028743316,0.053475936,0.028743316,138,87,0,8,Malware
Trojan-Emotet-00a440ca1cb9fb5c577610d6fbefa82a38dc36ce2a39f1aaede31a6f2c29fd7e-8.raw,40,16,9.375,0,201.275,1480,37,8053,211.9210526,43,80,43,0.028820375,0.053619303,0.028820375,138,87,0,8,Malware
Trojan-Emotet-00a440ca1cb9fb5c577610d6fbefa82a38dc36ce2a39f1aaede31a6f2c29fd7e-9.raw,40,16,9.5,0,201.325,1480,37,8055,211.9736842,43,80,43,0.02885906,0.053691275,0.02885906,138,87,0,8,Malware
Trojan-Emotet-00ceaf89c46779d61d1f3433a3d2ebbe625e38d37625b73a8235ef2beec4b733-1.raw,39,15,11.51282051,0,221.3846154,1569,40.23076923,8634,221.3846154,47,85,47,0.029102167,0.052631579,0.029102167,138,87,0,8,Malware
Trojan-Emotet-00ceaf89c46779d61d1f3433a3d2ebbe625e38d37625b73a8235ef2beec4b733-10.raw,37,15,10.08108108,0,215.0810811,1452,39.24324324,7958,215.0810811,43,79,43,0.029351536,0.053924915,0.029351536,138,87,0,8,Malware
Trojan-Emotet-00ceaf89c46779d61d1f3433a3d2ebbe625e38d37625b73a8235ef2beec4b733-2.raw,39,15,10.82051282,0,218.1794872,1558,39.94871795,8509,218.1794872,47,85,47,0.029301746,0.052992519,0.029301746,138,87,0,8,Malware
Trojan-Emotet-00ceaf89c46779d61d1f3433a3d2ebbe625e38d37625b73a8235ef2beec4b733-3.raw,41,16,10.29268293,0,211.5121951,1622,39.56097561,8672,211.5121951,47,87,47,0.028177458,0.052158273,0.028177458,138,87,0,8,Malware
Trojan-Emotet-00ceaf89c46779d61d1f3433a3d2ebbe625e38d37625b73a8235ef2beec4b733-4.raw,41,16,9.853658537,0,208.7073171,1613,39.34146341,8557,208.7073171,46,86,46,0.027777778,0.051932367,0.027777778,138,87,0,8,Malware
Trojan-Emotet-00ceaf89c46779d61d1f3433a3d2ebbe625e38d37625b73a8235ef2beec4b733-5.raw,40,16,9.9,0,208.975,1564,39.1,8359,208.975,46,85,46,0.028714107,0.053058677,0.028714107,138,87,0,8,Malware
Trojan-Emotet-00ceaf89c46779d61d1f3433a3d2ebbe625e38d37625b73a8235ef2beec4b733-6.raw,39,15,9.871794872,0,210.7948718,1524,39.07692308,8221,210.7948718,44,82,44,0.02833226,0.05280103,0.02833226,138,87,0,8,Malware
Trojan-Emotet-00ceaf89c46779d61d1f3433a3d2ebbe625e38d37625b73a8235ef2beec4b733-7.raw,38,15,9.868421053,0,209.9210526,1453,38.23684211,7978,215.6216216,43,79,43,0.029251701,0.053741497,0.029251701,138,87,0,8,Malware
Trojan-Emotet-00ceaf89c46779d61d1f3433a3d2ebbe625e38d37625b73a8235ef2beec4b733-8.raw,37,15,10.18918919,0,215.4864865,1452,39.24324324,7973,215.4864865,43,79,43,0.02931152,0.053851397,0.02931152,138,87,0,8,Malware
Trojan-Emotet-00ceaf89c46779d61d1f3433a3d2ebbe625e38d37625b73a8235ef2beec4b733-9.raw,37,15,10.16216216,0,215.2972973,1452,39.24324324,7966,215.2972973,43,79,43,0.029351536,0.053924915,0.029351536,138,87,0,8,Malware
Trojan-Emotet-00df66f48719954effcb3701910731b796b59bb4a7089383d969904a1b00209c-1.raw,42,16,10.83333333,0,208.8809524,1605,38.21428571,8773,208.8809524,49,90,49,0.029643073,0.054446461,0.029643073,138,87,0,8,Malware
Trojan-Emotet-00df66f48719954effcb3701910731b796b59bb4a7089383d969904a1b00209c-4.raw,41,16,10.09756098,0,210.1219512,1610,39.26829268,8615,210.1219512,47,87,47,0.028398792,0.052567976,0.028398792,138,87,0,8,Malware
Trojan-Emotet-00df66f48719954effcb3701910731b796b59bb4a7089383d969904a1b00209c-5.raw,40,16,9.875,0,209.675,1561,39.025,8387,209.675,47,86,47,0.029375,0.05375,0.029375,138,87,0,8,Malware
Trojan-Emotet-00df66f48719954effcb3701910731b796b59bb4a7089383d969904a1b00209c-7.raw,38,15,10.10526316,0,215.3947368,1496,39.36842105,8185,215.3947368,46,83,46,0.030263158,0.054605263,0.030263158,138,87,0,8,Malware
Trojan-Emotet-00df66f48719954effcb3701910731b796b59bb4a7089383d969904a1b00209c-8.raw,37,15,10.24324324,0,216.4324324,1449,39.16216216,8008,216.4324324,44,80,44,0.03003413,0.054607509,0.03003413,138,87,0,8,Malware
Trojan-Emotet-00df66f48719954effcb3701910731b796b59bb4a7089383d969904a1b00209c-9.raw,37,15,10.21621622,0,216.2702703,1449,39.16216216,8002,216.2702703,44,80,44,0.030095759,0.054719562,0.030095759,138,87,0,8,Malware
Trojan-Emotet-00e4236fd9c5f8ec7949ed00cc0385c93f7cd45017c526082ef38f870b22f17e-1.raw,42,16,10.76190476,0,209,1631,38.83333333,8778,209,48,89,48,0.028605483,0.053039333,0.028605483,138,86,0,8,Malware
Trojan-Emotet-00e4236fd9c5f8ec7949ed00cc0385c93f7cd45017c526082ef38f870b22f17e-10.raw,38,15,9.631578947,0,201.9473684,1446,38.05263158,7674,201.9473684,44,81,44,0.029931973,0.055102041,0.029931973,138,86,0,8,Malware
Trojan-Emotet-00e4236fd9c5f8ec7949ed00cc0385c93f7cd45017c526082ef38f870b22f17e-2.raw,44,17,9.818181818,0,201.4318182,1684,38.27272727,8863,201.4318182,49,92,49,0.028290993,0.053117783,0.028290993,138,86,0,8,Malware
Trojan-Emotet-00e4236fd9c5f8ec7949ed00cc0385c93f7cd45017c526082ef38f870b22f17e-3.raw,44,17,9.545454545,0,199.6136364,1675,38.06818182,8783,199.6136364,47,90,47,0.027325581,0.052325581,0.027325581,138,86,0,8,Malware
Trojan-Emotet-00e4236fd9c5f8ec7949ed00cc0385c93f7cd45017c526082ef38f870b22f17e-4.raw,44,17,9.227272727,0,197.8636364,1674,38.04545455,8706,197.8636364,47,92,49,0.027389277,0.053613054,0.028554779,138,86,0,8,Malware
Trojan-Emotet-00e4236fd9c5f8ec7949ed00cc0385c93f7cd45017c526082ef38f870b22f17e-5.raw,43,17,9.162790698,0,195.0930233,1589,36.95348837,8390,199.7619048,46,87,46,0.028360049,0.053637485,0.028360049,138,86,0,8,Malware
Trojan-Emotet-00e4236fd9c5f8ec7949ed00cc0385c93f7cd45017c526082ef38f870b22f17e-6.raw,41,16,9.43902439,0,201.2682927,1552,37.85365854,8252,201.2682927,46,86,46,0.029187817,0.054568528,0.029187817,138,86,0,8,Malware
Trojan-Emotet-00e4236fd9c5f8ec7949ed00cc0385c93f7cd45017c526082ef38f870b22f17e-7.raw,40,16,9.575,0,203.8,1514,37.85,8152,203.8,44,83,44,0.028720627,0.054177546,0.028720627,138,86,0,8,Malware
Trojan-Emotet-00e4236fd9c5f8ec7949ed00cc0385c93f7cd45017c526082ef38f870b22f17e-8.raw,40,16,9.55,0,203.475,1514,37.85,8139,203.475,44,83,44,0.028795812,0.054319372,0.028795812,138,86,0,8,Malware
Trojan-Emotet-00e4236fd9c5f8ec7949ed00cc0385c93f7cd45017c526082ef38f870b22f17e-9.raw,40,16,9.45,0,202.85,1514,37.85,8114,202.85,44,83,44,0.028795812,0.054319372,0.028795812,138,86,0,8,Malware
Trojan-Emotet-01ac78d9e1cdc1e65c4a95074a64e2779af7f96b7dc3962451d9b321bc827a0d-1.raw,42,16,10.66666667,0,208.8809524,1631,38.83333333,8773,208.8809524,48,89,48,0.028605483,0.053039333,0.028605483,138,87,0,8,Malware
Trojan-Emotet-01ac78d9e1cdc1e65c4a95074a64e2779af7f96b7dc3962451d9b321bc827a0d-10.raw,40,16,9.5,0,203.275,1514,37.85,8131,203.275,44,83,44,0.028833552,0.054390564,0.028833552,138,87,0,8,Malware
Trojan-Emotet-01ac78d9e1cdc1e65c4a95074a64e2779af7f96b7dc3962451d9b321bc827a0d-2.raw,42,16,10.11904762,0,206.6904762,1631,38.83333333,8681,206.6904762,48,89,48,0.028605483,0.053039333,0.028605483,138,87,0,8,Malware
Trojan-Emotet-01ac78d9e1cdc1e65c4a95074a64e2779af7f96b7dc3962451d9b321bc827a0d-3.raw,44,17,10.5,0,203.8863636,1684,38.27272727,8971,203.8863636,48,91,48,0.027729636,0.052570768,0.027729636,138,87,0,8,Malware
Trojan-Emotet-01ac78d9e1cdc1e65c4a95074a64e2779af7f96b7dc3962451d9b321bc827a0d-4.raw,44,17,9.25,0,198.0909091,1675,38.06818182,8716,198.0909091,47,90,47,0.027341478,0.052356021,0.027341478,138,87,0,8,Malware